<?xml version="1.0" encoding="utf-8"?> <prefix name="indexlogin" label="Set Sign-In Page as Landing Page" language_tag="en" language_label="English"><key name="sign_in"><value>Sign In</value></key><key name="indexlogin_admin_settings"><value>Setting</value></key><key name="indexlogin_admin_freetips"><value>Free Tips</value></key><key name="indexlogin_admin_donate"><value>Donate</value></key><key name="admin_settings_heading"><value>Menu Setting</value></key><key name="indexlogin_setting_msg"><value>To set your sign-in page as your website landing page, simply navigate to Pages=>Manage Pages and drag the 'Sign In' menu item to the first place. See video below. &lt;br /&gt;</value></key><key name="admin_freetips_heading"><value>Free Oxwall Tips</value></key><key name="admin_donate_heading"><value>Support Us</value></key><key name="donate_invitation"><value>If you wish to sponsor a couple of minutes, hours or days of free oxwall mod and plugin development, kindly make a generous donation below. Thanks in advance.</value></key>
</prefix>